Order_ID,Order_Date,Product,Category,Region,Quantity,Unit_Price,Discount,Total_Amount
ORD-1001,2025-01-01,Monitor,Electronics,East,2.0,13578.45,0.0,27156.91
ORD-1002,2025-01-01,Smartphone,Electronics,North,4.0,31028.8,0.05,117909.44
ORD-1003,2025-01-02,Monitor,Electronics,North,2.0,14779.5,0.15,25125.15
ORD-1004,2025-01-03,Laptop,Electronics,South,2.0,66539.07,0.05,126424.24
ORD-1005,2025-01-03,Keyboard,Accessories,West,1.0,1651.4,0.05,1568.83
ORD-1006,2025-01-04,Smartphone,Electronics,,8.0,25688.28,0.1,184955.64
ORD-1007,2025-01-05,Smartphone,Electronics,East,7.0,25030.32,0.1,157691.03
ORD-1008,2025-01-05,Smartphone,Electronics,North,4.0,30460.7,0.1,109658.53
ORD-1009,2025-01-06,Laptop,Electronics,East,7.0,66577.39,0.0,466041.76
ORD-1010,2025-01-07,Tablet,Electronics,West,5.0,23098.62,0.0,115493.12
ORD-1011,2025-01-07,Keyboard,Accessories,North,2.0,1592.89,0.15,2707.92
ORD-1012,2025-01-08,Keyboard,Accessories,South,5.0,2003.0,0.1,9013.5
ORD-1013,2025-01-09,Monitor,Electronics,South,2.0,15117.01,0.0,30234.01
ORD-1014,2025-01-10,Tablet,Electronics,North,2.0,20481.15,0.05,38914.19
ORD-1015,2025-01-10,Headphones,Accessories,East,5.0,2309.09,0.15,9813.65
ORD-1016,2025-01-11,Smartphone,Electronics,South,6.0,25872.48,0.1,139711.38
ORD-1017,2025-01-12,Monitor,Electronics,South,5.0,13342.25,0.0,66711.27
ORD-1018,2025-01-12,Keyboard,Accessories,West,4.0,1810.69,0.05,6880.64
ORD-1019,2025-01-13,,Accessories,East,5.0,2459.17,0.05,11681.04
ORD-1020,2025-01-14,Laptop,Electronics,East,4.0,61743.17,0.0,246972.7
ORD-1021,2025-01-14,Headphones,Accessories,South,5.0,2567.11,0.0,12835.56
ORD-1022,2025-01-15,Keyboard,Accessories,West,6.0,1644.26,0.05,9372.29
ORD-1023,2025-01-16,Headphones,Accessories,East,8.0,2375.29,0.05,18052.18
ORD-1024,2025-01-16,Smartphone,Electronics,West,4.0,27101.95,0.1,97567.03
ORD-1025,2025-01-17,Keyboard,Accessories,South,7.0,1781.02,0.1,11220.44
ORD-1026,2025-01-18,Smartphone,Electronics,North,8.0,29916.38,0.0,239331.06
ORD-1027,2025-01-19,Laptop,Electronics,West,3.0,60314.91,0.05,171897.5
ORD-1028,2025-01-19,Keyboard,Accessories,West,2.0,1806.15,0.15,3070.45
ORD-1029,2025-01-20,Keyboard,Accessories,North,8.0,1839.92,0.1,13247.45
ORD-1030,2025-01-21,Monitor,Electronics,East,2.0,12476.07,0.1,22456.93
ORD-1031,2025-01-21,Laptop,Electronics,South,5.0,66677.7,0.15,283380.22
ORD-1032,2025-01-22,Headphones,Accessories,South,1.0,2302.31,0.1,2072.08
ORD-1033,2025-01-23,Keyboard,Accessories,South,2.0,1612.1,0.1,2901.78
ORD-1034,2025-01-23,Smartphone,Electronics,North,,31016.51,0.05,176794.11
ORD-1035,2025-01-24,Keyboard,Accessories,North,6.0,2001.15,0.15,10205.88
ORD-1036,2025-01-25,Laptop,Electronics,South,6.0,69811.0,0.1,376979.39
ORD-1037,2025-01-26,Laptop,Electronics,North,4.0,61951.97,0.0,247807.9
ORD-1038,2025-01-26,Monitor,Electronics,South,8.0,12648.18,0.0,101185.43
ORD-1039,2025-01-27,Smartphone,Electronics,East,8.0,29238.05,0.05,222209.15
ORD-1040,2025-01-28,Keyboard,Accessories,South,7.0,1774.15,0.05,11798.07
ORD-1041,2025-01-28,Monitor,Electronics,East,5.0,12730.05,0.15,54102.71
ORD-1042,2025-01-29,Headphones,Accessories,South,8.0,2497.11,0.0,19976.85
ORD-1043,2025-01-30,Smartphone,Electronics,North,2.0,24871.09,0.1,44767.96
ORD-1044,2025-01-30,Keyboard,Accessories,North,4.0,1976.83,0.05,7511.94
ORD-1045,2025-01-31,Laptop,Electronics,North,1.0,61236.97,0.05,58175.12
ORD-1046,2025-02-01,Laptop,Electronics,South,6.0,67535.35,0.0,405212.09
ORD-1047,2025-02-01,Tablet,Electronics,South,8.0,21005.83,0.05,159644.34
ORD-1048,2025-02-02,Monitor,Electronics,West,8.0,,0.05,106912.46
ORD-1049,2025-02-03,Headphones,Accessories,North,4.0,2528.03,0.0,10112.1
ORD-1050,2025-02-04,Monitor,Electronics,West,7.0,12941.11,0.1,81529.0
ORD-1051,2025-02-04,Headphones,Accessories,North,8.0,2781.75,0.0,22254.01
ORD-1052,2025-02-05,Laptop,Electronics,North,7.0,69292.07,0.1,436540.05
ORD-1053,2025-02-06,Smartphone,Electronics,West,4.0,30953.43,0.05,117623.04
ORD-1054,2025-02-06,Smartphone,Electronics,East,7.0,30653.24,0.05,203844.04
ORD-1055,2025-02-07,Headphones,Accessories,West,4.0,2558.74,0.0,10234.96
ORD-1056,2025-02-08,Keyboard,Accessories,North,2.0,1982.25,0.0,3964.5
ORD-1057,2025-02-08,Laptop,Electronics,West,4.0,58580.48,0.05,222605.84
ORD-1058,2025-02-09,Headphones,Accessories,West,8.0,2317.59,0.05,17613.68
ORD-1059,2025-02-10,Laptop,Electronics,North,3.0,57905.55,0.15,147659.14
ORD-1060,2025-02-11,Headphones,Accessories,East,5.0,2395.2,0.15,10179.59
ORD-1061,2025-02-11,Headphones,Accessories,South,8.0,2433.21,0.05,18492.37
ORD-1062,not available,Tablet,Electronics,North,4.0,20792.72,0.0,83170.89
ORD-1063,2025-02-13,Monitor,Electronics,North,6.0,15104.56,0.0,90627.35
ORD-1064,2025-02-13,Keyboard,Accessories,North,8.0,1738.12,0.05,13209.69
ORD-1065,2025-02-14,Keyboard,Accessories,North,2.0,1705.36,0.05,3240.19
ORD-1066,2025-02-15,Keyboard,Accessories,West,2.0,1818.44,0.05,3455.04
ORD-1067,2025-02-15,Laptop,Electronics,North,4.0,59398.42,0.0,237593.67
ORD-1068,2025-02-16,Headphones,Accessories,South,6.0,2681.32,0.1,14479.12
ORD-1069,2025-02-17,Monitor,Electronics,East,6.0,12570.49,0.05,71651.79
ORD-1070,2025-02-17,Headphones,Accessories,West,3.0,2792.13,0.1,7538.76
ORD-1071,2025-02-18,Tablet,Electronics,West,2.0,23437.45,0.0,46874.9
ORD-1072,2025-02-19,Keyboard,Accessories,South,2.0,1669.85,0.0,3339.69
ORD-1073,2025-02-20,Keyboard,Accessories,East,5.0,1586.39,0.05,7535.33
ORD-1074,2025-02-20,Laptop,Electronics,East,4.0,69921.2,0.1,251716.31
ORD-1075,2025-02-21,Smartphone,Electronics,North,8.0,29390.08,0.1,211608.59
ORD-1076,2025-02-22,Monitor,Electronics,South,5.0,14769.46,,73847.32
ORD-1077,2025-02-22,Tablet,Electronics,South,2.0,23432.31,0.0,46864.61
ORD-1078,2025-02-23,Tablet,Electronics,East,5.0,19750.96,0.05,93817.04
ORD-1079,2025-02-24,Smartphone,Electronics,East,5.0,27048.89,0.15,114957.78
ORD-1080,2025-02-24,Laptop,Electronics,East,2.0,59007.56,0.15,100312.85
ORD-1081,2025-02-25,Laptop,Electronics,South,1.0,70664.41,0.1,63597.97
ORD-1082,2025-02-26,Monitor,Electronics,West,5.0,14414.28,0.05,68467.84
ORD-1083,2025-02-26,Keyboard,Accessories,North,7.0,1726.95,0.0,12088.64
ORD-1084,2025-02-27,Laptop,Electronics,East,3.0,58191.51,0.0,174574.53
ORD-1085,2025-02-28,Keyboard,Accessories,South,3.0,1718.34,0.15,4381.78
ORD-1086,2025-03-01,Laptop,Electronics,North,5.0,62272.86,0.1,280227.87
ORD-1087,2025-03-01,Tablet,Electronics,North,4.0,23212.32,0.05,88206.82
ORD-1088,2025-03-02,Tablet,Electronics,South,7.0,22726.3,0.05,151129.92
ORD-1089,2025-03-03,Smartphone,Electronics,North,3.0,30602.07,0.15,78035.28
ORD-1090,2025-03-03,Smartphone,Electronics,South,6.0,27813.28,0.15,141847.75
ORD-1091,2025-03-04,Tablet,Electronics,West,3.0,19991.46,0.0,59974.37
ORD-1092,2025-03-05,Laptop,electronics,South,8.0,68326.62,0.05,519282.3
ORD-1093,2025-03-05,Headphones,Accessories,South,6.0,2656.47,0.1,14344.94
ORD-1094,2025-03-06,Smartphone,Electronics,West,1.0,28411.78,0.05,26991.19
ORD-1095,2025-03-07,Tablet,Electronics,East,5.0,23430.71,0.0,117153.53
ORD-1096,2025-03-08,Tablet,Electronics,North,7.0,21967.24,0.1,138393.62
ORD-1097,2025-03-08,Laptop,Electronics,East,5.0,65354.63,0.05,310434.5
ORD-1098,2025-03-09,Laptop,Electronics,East,2.0,63869.64,0.15,108578.39
ORD-1099,2025-03-10,Monitor,Electronics,North,6.0,12405.41,0.15,63267.58
ORD-1100,2025-03-10,Headphones,Accessories,North,4.0,2264.73,0.1,8153.05
ORD-1101,2025-03-11,Monitor,Electronics,South,7.0,12425.6,0.0,86979.21
ORD-1102,2025-03-12,Tablet,Electronics,East,7.0,22720.25,0.0,159041.73
ORD-1103,2025-03-12,Keyboard,Accessories,East,6.0,1719.8,0.0,10318.81
ORD-1104,2025-03-13,Keyboard,Accessories,East,5.0,1803.7,0.15,7665.74
ORD-1105,2025-03-14,Headphones,Accessories,South,5.0,2744.54,0.05,13036.56
ORD-1106,2025-03-14,Headphones,Accessories,East,7.0,2349.58,0.05,15624.68
ORD-1107,2025-03-15,Headphones,Accessories,East,1.0,2446.23,0.1,2201.61
ORD-1108,2025-03-16,Smartphone,Electronics, north ,7.0,29717.3,0.1,187219.01
ORD-1109,2025-03-17,Headphones,Accessories,West,8.0,2337.28,0.05,17763.32
ORD-1110,2025-03-17,Monitor,Electronics,East,3.0,12578.65,0.0,37735.96
ORD-1111,2025-03-18,Keyboard,Accessories,South,6.0,1709.17,0.0,10255.04
ORD-1112,2025-03-19,Monitor,Electronics,South,5.0,12861.7,0.05,61093.09
ORD-1113,2025-03-19,Smartphone,Electronics,South,1.0,30887.57,0.0,30887.57
ORD-1114,2025-03-20,Headphones,Accessories,West,2.0,2684.87,0.15,4564.28
ORD-1115,2025-03-21,Monitor,Electronics,West,4.0,14448.24,0.15,49124.0
ORD-1116,2025-03-21,Headphones,Accessories,North,4.0,2722.88,0.05,10346.93
ORD-1117,2025-03-22,Laptop,Electronics,South,7.0,69737.28,0.05,463752.94
ORD-1118,2025-03-23,Monitor,Electronics,South,8.0,12946.88,0.0,103575.0
ORD-1119,2025-03-24,Laptop,Electronics,West,8.0,71123.92,0.05,540541.79
ORD-1120,2025-03-24,smart phone,Electronics,West,6.0,14132.19,0.15,72074.17
ORD-1121,2025-03-25,Keyboard,Accessories,West,8.0,1932.81,0.05,14689.39
ORD-1122,2025-03-26,Headphones,Accessories,East,5.0,2737.65,0.05,13003.86
ORD-1123,2025-03-26,Keyboard,Accessories,East,8.0,1721.38,0.05,13082.47
ORD-1124,2025-03-27,Headphones,Accessories,South,2.0,2266.03,0.1,4078.86
ORD-1125,2025-03-28,Tablet,Electronics,North,6.0,20563.5,0.1,111042.89
ORD-1126,2025-03-28,Smartphone,Electronics,West,3.0,27510.16,0.05,78403.97
ORD-1127,2025-03-29,Monitor,Electronics,North,3.0,15068.53,0.05,42945.31
ORD-1128,2025-03-30,Headphones,Accessories,West,7.0,2716.44,0.1,17113.56
ORD-1129,2025-03-30,Headphones,Accessories,West,1.0,2204.17,0.05,2093.96
ORD-1130,2025-03-31,Headphones,Accessories,West,1.0,2506.45,0.15,2130.48
ORD-1131,2025-04-01,Laptop,Electronics,West,6.0,63711.61,0.1,344042.7
ORD-1132,2025-04-02,Headphones,Accessories,South,4.0,2333.26,0.15,7933.1
ORD-1133,2025-04-02,Tablet,Electronics,North,7.0,19992.89,0.15,118957.69
ORD-1134,2025-04-03,Headphones,Accessories,South,6.0,2402.57,0.15,12253.1
ORD-1135,2025-04-04,Headphones,Accessories,West,3.0,2765.75,0.0,8297.24
ORD-1136,2025-04-04,Keyboard,Accessories,West,120.0,1723.62,0.0,1723.62
ORD-1137,2025-04-05,Smartphone,Electronics,North,8.0,28126.27,0.05,213759.67
ORD-1138,2025-04-06,Tablet,Electronics,South,7.0,23071.94,0.1,145353.22
ORD-1139,2025-04-06,Headphones,Accessories,West,6.0,2418.18,0.1,13058.16
ORD-1140,2025-04-07,Tablet,Electronics,North,7.0,24491.01,0.1,154293.36
ORD-1141,2025-04-08,Headphones,Accessories,East,1.0,2777.47,0.0,2777.47
ORD-1142,2025-04-08,Smartphone,Electronics,North,2.0,26331.98,0.0,52663.95
ORD-1143,2025-04-09,Smartphone,Electronics,South,4.0,27981.51,0.0,111926.04
ORD-1144,2025-04-10,Smartphone,Electronics,North,3.0,26661.9,0.15,67987.85
ORD-1145,2025-04-11,Keyboard,Accessories,East,4.0,1707.05,0.15,5803.97
ORD-1146,2025-04-11,Tablet,Electronics,South,3.0,19554.76,0.0,58664.29
ORD-1147,2025-04-12,Tablet,Electronics,East,2.0,22578.5,0.0,45157.0
ORD-1148,2025-04-13,Keyboard,Accessories,South,7.0,1801.16,0.15,10716.89
ORD-1149,2025-04-13,Laptop,Electronics,East,4.0,999999.0,0.0,232012.27
ORD-1150,2025-04-14,Monitor,Electronics,East,2.0,13256.25,0.0,26512.5
ORD-1151,2025-04-15,Keyboard,Accessories,North,7.0,1976.37,0.1,12451.14
ORD-1152,2025-04-15,Keyboard,Accessories,West,6.0,1687.49,0.0,10124.94
ORD-1153,2025-04-16,Headphones,Accessories,East,2.0,2286.94,0.15,3887.79
ORD-1154,2025-04-17,Monitor,Electronics,West,8.0,13964.56,0.05,106130.67
ORD-1155,2025-04-18,Smartphone,Electronics,West,5.0,31263.57,0.15,132870.18
ORD-1156,2025-04-18,Headphones,Accessories,South,5.0,2345.23,0.1,10553.55
ORD-1157,2025-04-19,Laptop,Electronics,South,5.0,67685.31,0.15,287662.59
ORD-1158,2025-04-20,Headphones,Accessories,North,7.0,2656.97,0.1,16738.92
ORD-1159,2025-04-20,Headphones,Accessories,West,6.0,2342.58,0.05,13352.72
ORD-1160,2025-04-21,Smartphone,Electronics,East,6.0,29533.61,0.1,159481.51
ORD-1161,2025-04-22,Tablet,Electronics,South,5.0,21301.89,0.0,106509.47
ORD-1162,2025-04-22,Laptop,Electronics,West,4.0,67063.97,0.15,228017.5
ORD-1163,2025-04-23,Keyboard,Accessories,West,4.0,1857.68,0.15,-500.0
ORD-1164,2025-04-24,Headphones,Accessories,East,1.0,2521.46,0.0,2521.46
ORD-1165,2025-04-24,Smartphone,Electronics,East,7.0,25246.75,0.05,167890.87
ORD-1166,2025-04-25,Monitor,Electronics,East,6.0,15126.62,0.15,77145.74
ORD-1167,2025-04-26,Headphones,Accessories,West,6.0,2392.47,0.1,12919.33
ORD-1168,2025-04-27,Tablet,Electronics,South,5.0,20344.82,0.1,91551.68
ORD-1169,2025-04-27,Laptop,Electronics,North,4.0,57836.09,0.1,208209.93
ORD-1170,2025-04-28,Monitor,Electronics,South,3.0,14305.4,0.05,40770.39
ORD-1171,2025-04-29,Monitor,Electronics,East,8.0,14596.62,0.1,105095.64
ORD-1172,2025-04-29,Laptop,Electronics,South,4.0,57458.77,0.1,206851.57
ORD-1173,2025-04-30,Tablet,Electronics,North,3.0,22063.85,0.1,59572.4
ORD-1174,2025-05-01,Monitor,Electronics,North,3.0,13081.03,0.1,35318.77
ORD-1175,2025-05-01,Laptop,Electronics,West,5.0,67264.7,0.05,319507.3
ORD-1176,2025-05-02,Laptop,Electronics,West,1.0,59920.12,0.1,53928.1
ORD-1177,2025-05-03,Headphones,Accessories,South,8.0,2614.56,0.1,18824.85
ORD-1178,2025-05-04,Laptop,Electronics,North,5.0,63233.07,1.5,268740.55
ORD-1179,2025-05-04,Laptop,Electronics,North,7.0,71812.99,0.15,427287.28
ORD-1180,2025-05-05,Keyboard,Accessories,South,1.0,1643.41,0.05,1561.24
ORD-1181,2025-05-06,Keyboard,Accessories,South,5.0,1731.34,0.0,8656.7
ORD-1182,2025-05-06,Laptop,Electronics,West,7.0,58970.19,0.05,392151.74
ORD-1183,2025-05-07,Headphones,Accessories,West,8.0,2754.82,0.1,19834.68
ORD-1184,2025-05-08,Tablet,Electronics,South,1.0,23992.35,0.0,23992.35
ORD-1185,2025-05-08,Monitor,Electronics,North,4.0,13186.68,0.1,47472.06
ORD-1186,2025-05-09,Smartphone,Electronics,North,4.0,29075.09,0.05,110485.35
ORD-1187,2025-05-10,Smartphone,Electronics,West,1.0,30131.73,0.15,25611.97
ORD-1188,2025-05-10,Monitor,Electronics,North,8.0,14185.47,0.1,102135.42
ORD-1189,2025-05-11,Smartphone,Electronics,West,5.0,28199.25,0.1,126896.63
ORD-1190,2025-05-12,Laptop,Electronics,South,4.0,60972.9,0.1,219502.42
ORD-1191,2025-05-13,Headphones,Accessories,South,2.0,2255.86,0.05,4286.14
ORD-1192,2025-05-13,Tablet,Electronics,North,3.0,24097.3,0.0,72291.9
ORD-1193,2025-05-14,Smartphone,Electronics,West,5.0,30690.81,0.1,138108.64
ORD-1194,2025-05-15,Laptop,Electronics,West,8.0,67076.38,0.1,482949.96
ORD-1195,2025-05-15,Tablet,Electronics,North,-3.0,21150.08,0.15,143820.53
ORD-1196,2025-05-16,Keyboard,Accessories,East,1.0,1734.86,0.15,1474.63
ORD-1197,2025-05-17,Keyboard,Accessories,North,5.0,1897.61,0.0,9488.06
ORD-1198,2025-05-17,Smartphone,Electronics,North,1.0,30668.58,0.1,27601.72
ORD-1199,2025-05-18,Smartphone,Electronics,East,8.0,30601.22,0.15,208088.3
ORD-1200,2025-05-19,Smartphone,Electronics,North,7.0,29880.76,0.15,177790.54
ORD-1201,2025-05-19,Headphones,Accessories,East,6.0,2585.22,0.15,13184.62
ORD-1202,2025-05-20,Tablet,Electronics,East,2.0,19804.26,0.05,37628.09
ORD-1203,2025-05-21,Headphones,Accessories,West,8.0,2296.98,0.1,16538.24
ORD-1204,2025-05-22,Keyboard,Accessories,North,1.0,1972.18,0.15,1676.35
ORD-1205,2025-05-22,Tablet,Electronics,North,5.0,22561.95,0.1,101528.75
ORD-1206,2025-05-23,Headphones,Accessories,West,1.0,2205.52,0.15,1874.69
ORD-1207,2025-05-24,Laptop,Electronics,West,4.0,58782.96,0.1,211618.64
ORD-1208,2025-05-24,Monitor,Electronics,South,8.0,14549.37,0.0,116394.93
ORD-1209,2025-05-25,Tablet,Electronics,West,3.0,19386.73,0.1,52344.16
ORD-1210,2025-05-26,Monitor,Electronics,North,8.0,12860.32,0.0,102882.52
ORD-1211,2025-05-26,Monitor,Electronics,SOUTH,4.0,14163.75,0.05,53822.23
ORD-1212,2025-05-27,Keyboard,Accessories,North,1.0,1882.9,0.15,1600.46
ORD-1213,2025-05-28,Smartphone,Electronics,North,2.0,29021.18,0.15,49336.01
ORD-1214,2025-05-29,Monitor,Electronics,East,3.0,13073.54,0.15,33337.54
ORD-1215,2025-05-29,Keyboard,Accessories,West,5.0,1891.66,0.15,8039.56
ORD-1216,2025-05-30,Headphones,Accessories,South,4.0,2342.35,0.15,7963.99
ORD-1217,2025-05-31,Headphones,Accessories,North,4.0,2395.24,0.05,9101.91
ORD-1218,2025-05-31,Tablet,Electronics,East,7.0,23301.47,0.1,146799.29
ORD-1219,2025-06-01,Laptop,Electronics,West,5.0,67334.27,0.1,303004.23
ORD-1220,2025-06-02,Smartphone,Electronics,East,8.0,30346.78,0.15,206358.11
ORD-1221,2025-06-02,Tablet,Electronics,East,7.0,22832.2,0.15,135851.57
ORD-1222,2025-06-03,Smartphone,Electronics,South,4.0,28459.03,0.15,96760.71
ORD-1223,2025-06-04,Headphones,Accessories,West,1.0,2256.2,0.1,2030.58
ORD-1224,2025-06-04,Monitor,Electronics,South,7.0,13555.53,0.15,80655.37
ORD-1225,2025-06-05,Headphones,Accessories,East,1.0,2359.12,0.05,2241.17
ORD-1226,2025-06-06,Laptop,,West,8.0,61006.24,0.0,488049.91
ORD-1227,2025-06-07,Laptop,Electronics,South,3.0,72378.96,0.15,184566.36
ORD-1228,2025-06-07,Laptop,Electronics,East,8.0,63332.32,0.1,455992.74
ORD-1229,2025-06-08,Keyboard,Accessories,East,7.0,1969.36,0.0,13785.55
ORD-1230,2025-06-09,Monitor,Electronics,West,7.0,14440.63,0.1,90975.94
ORD-1231,2025-06-09,Keyboard,Accessories,South,1.0,1927.36,0.0,1927.36
ORD-1232,2025-06-10,Monitor,Electronics,North,5.0,14008.86,0.05,66542.09
ORD-1233,2025-06-11,Headphones,Accessories,West,2.0,2546.14,0.0,5092.28
ORD-1234,2025-06-11,Smartphone,Electronics,North,5.0,27949.72,0.0,139748.59
ORD-1235,2025-06-12,Tablet,Electronics,East,1.0,20390.88,0.1,18351.79
ORD-1236,2025-06-13,Tablet,Electronics,South,7.0,23174.55,0.05,154110.74
ORD-1237,2025-06-14,Keyboard,Accessories,South,7.0,1705.29,0.05,11340.2
ORD-1238,2025-06-14,Smartphone,Electronics,South,2.0,24803.4,0.15,42165.79
ORD-1239,2025-06-15,Headphones,Accessories,West,3.0,2587.28,0.05,7373.76
ORD-1240,2025-06-16,Monitor,Electronics,East,5.0,12915.09,0.15,54889.14
ORD-1241,2025-06-16,Monitor,Electronics,East,1.0,15479.94,0.15,13157.95
ORD-1242,2025-06-17,Monitor,Electronics,West,3.0,15525.2,0.0,46575.6
ORD-1243,2025-06-18,Tablet,Electronics,East,5.0,24190.48,0.15,102809.56
ORD-1244,2025-06-18,Headphones,Accessories,West,5.0,2422.1,0.05,11504.95
ORD-1245,2025-06-19,Headphones,Accessories,West,2.0,2209.27,0.05,4197.62
ORD-1246,2025-06-20,Keyboard,Accessories,East,6.0,1985.03,0.1,10719.18
ORD-1247,2025-06-20,Laptop,Electronics,North,7.0,63879.67,0.1,402441.94
ORD-1248,2025-06-21,Keyboard,Accessories,East,1.0,2001.59,0.15,1701.36
ORD-1249,2025-06-22,Smartphone,Electronics,South,6.0,31115.53,0.05,177358.5
ORD-1250,2025-06-23,Keyboard,Accessories,North,5.0,1952.5,0.05,9274.38
ORD-1251,2025-06-23,Monitor,Electronics,West,1.0,13309.35,0.1,11978.41
ORD-1252,2025-06-24,Laptop,Electronics,North,6.0,63207.52,0.05,360282.89
ORD-1253,2025-06-25,Tablet,Electronics,South,6.0,23854.0,0.15,121655.41
ORD-1254,2025-06-25,Smartphone,Electronics,East,3.0,26769.72,0.1,72278.23
ORD-1255,2025-06-26,Smartphone,Electronics,East,5.0,25778.99,0.15,109560.71
ORD-1256,2025-06-27,Monitor,Electronics,West,6.0,14190.85,0.0,85145.11
ORD-1257,2025-06-27,Laptop,Electronics,West,3.0,71804.01,0.05,204641.44
ORD-1258,2025-06-28,Keyboard,Accessories,West,6.0,1884.68,0.0,11308.11
ORD-1259,2025-06-29,Laptop,Electronics,West,5.0,66092.95,0.0,330464.77
ORD-1260,2025-06-30,Tablet,Electronics,East,5.0,19873.09,0.15,84460.64
ORD-1013,2025-01-09,Monitor,Electronics,South,2.0,15117.01,0.0,30234.01
ORD-1045,2025-01-31,Laptop,Electronics,North,1.0,61236.97,0.05,58175.12
ORD-1088,2025-03-02,Tablet,Electronics,South,7.0,22726.3,0.05,151129.92
ORD-1136,2025-04-04,Keyboard,Accessories,West,120.0,1723.62,0.0,1723.62
ORD-1149,2025-04-13,Laptop,Electronics,East,4.0,999999.0,0.0,232012.27
